{"pairs": [ 
{"h0": [1,598,-1.63015,0,0.469042,-1.55648,0.799073,0.284869,14,764,0.574705,0.0229441,-0.40214,0.146918,0.918868,0.00212426,15,735,0.574708,0.0229441,0.406386,0.542417,0.904381,0.259709,386,597,-1.48927,0.64369,-0.222966,-1.54487,0.800481,-0.285959,387,545,-1.48926,0.64369,0.227226,-1.39841,0.773993,0.111034,388,541,-1.2448,0.648768,-0.196606,-1.29467,0.770771,-0.17601,389,540,-1.24479,0.648768,0.200864,-1.32574,0.770687,0.185739,492,2132,-2.30147,0.714955,0.0857551,-1.92495,2.30231,-0.0115773,510,516,-2.24657,0.737719,0.0131842,-2.25324,0.741203,0.0131732,550,658,-0.575502,0.782982,0.00212692,-1.09325,0.839606,0.00212883,607,641,-2.02935,0.815712,-0.0481642,-2.10441,0.812736,0.0324956,706,734,0.693398,0.887105,0.00212223,0.542415,0.904381,-0.255462,1588,1600,2.11305,1.97117,-0.0293525,1.95084,1.97356,-0.0699329,1589,1594,2.11305,1.97117,0.0335865,2.11537,1.97186,0.0180618,2258,2316,1.48778,2.40577,-0.402127,1.4754,2.42092,-0.327496,2259,2317,1.48779,2.40577,0.406364,1.4751,2.40755,0.256073]},
{"h1": [1601,1619,2.01596,1.97708,0.0489447,2.01225,1.97972,0.0334326,2156,2414,-0.240724,2.35575,0.0375536,-1.83903,2.47874,0.0125847,2212,2223,0.564507,2.37576,0.049014,0.402463,2.3805,0.0609011,2587,2710,1.50427,2.60667,-0.302067,1.48229,2.67197,-0.585594,2590,2711,1.51883,2.60697,0.288355,1.51629,2.67126,0.513714,2800,2901,1.48878,2.73751,-0.104782,1.8303,2.76909,-0.35988,2801,2822,1.48498,2.74058,0.0985092,1.48869,2.74477,0.0218133,2814,2817,1.49005,2.74081,0.143178,1.49831,2.74403,0.134951,2815,2816,1.49367,2.74255,-0.157036,1.50072,2.74519,-0.142777,2894,2898,1.76028,2.81537,0.398683,1.75304,2.81556,0.393737]}
]}