{"pairs": [ 
{"h0": [456,465,0.605903,0,0.005903,1.49392,0,0.131424,769,861,-1.92454,0,2.02396,-2.11273,0,0.964585,1080,1087,0.278704,0,3.12708,0.204167,0,2.83437]},
{"h1": [161,576,1.37537,0.187963,2.4,1.45686,-0.267431,0.125231,623,1176,0.168288,0.0230225,2.78542,0.210348,0.036616,2.85069]}
]}